public/images/business_cards/bc_foil-magnified.jpg
public/images/business_cards/16pt_uv.png
public/images/business_cards/gloss-laminated-business-cards.png
public/images/business_cards/16pt_aq.png
public/images/business_cards/durable-magnified.png
public/images/business_cards/bc_foil2.png
public/images/business_cards/bc-best-value.png
public/images/business_cards/bc_premium-feel.jpg
public/images/business_cards/bc-linen-business-cards.png
public/images/business_cards/durable1.jpg
public/images/business_cards/matte-business-cards.png
public/images/business_cards/recyclable.png
public/images/business_cards/Kraft-one.jpg
public/images/business_cards/painted-bc-main.png
public/images/business_cards/pearl-magnified.png
public/images/business_cards/matte-business-cards (1).png
public/images/business_cards/bc_shine.png
public/images/business_cards/Die-Cut-Cards.png
public/images/business_cards/properites-image-two.png
public/images/business_cards/card-finish.png
public/images/business_cards/painted-bc-two.png
public/images/business_cards/pearl1.jpg
public/images/business_cards/bc-best-value (1).png
public/images/business_cards/14pt writable_aq.png
public/images/business_cards/bc-aq.png
public/images/business_cards/card-thicknes.png
public/images/business_cards/14pt writable.png
public/images/business_cards/joes dogs tumbler.jpg
public/images/business_cards/Die-Cut-Cardsv3.png
public/images/business_cards/spot-uv-business-cards.png
public/images/business_cards/painted-bc-three.png
public/images/business_cards/kraft-magnified.png
public/images/business_cards/enviro-business-cards.png
public/images/business_cards/bc-gloss-uv-business-cards.png
public/images/business_cards/Die-Cut-Cards-v2.png
public/images/business_cards/pearl-dropplet.png
public/images/business_cards/Die-Cut-Cardsv4.png
public/images/business_cards/pearl-light.png
public/images/business_cards/18pt_matte_silk.png
public/images/business_cards/bc_raised.png
public/images/business_cards/16pt_matte-business-cards.png
public/images/business_cards/painted-bc-one.png
public/images/labels_and_packaging/shipping_boxes/custom-dimensions-mb.png
public/images/labels_and_packaging/shipping_boxes/sub_shipping_boxes/print-inside-mb.png
public/images/labels_and_packaging/shipping_boxes/sub_shipping_boxes/mailer-box.png
public/images/labels_and_packaging/shipping_boxes/sub_shipping_boxes/print-inside-outside-mb.png
public/images/labels_and_packaging/shipping_boxes/sub_shipping_boxes/print-outside-mb.png
public/images/labels_and_packaging/shipping_boxes/sub_shipping_boxes/copter2-large.jpg
public/images/labels_and_packaging/shipping_boxes/sub_shipping_boxes/no-print-mb.png
public/images/labels_and_packaging/shipping_boxes/sub_shipping_boxes/front-tuck.png
public/images/labels_and_packaging/removable_cut_to_shape_decals/pd-five.png
public/images/labels_and_packaging/cut_to_shape_decals/pd-main-image.png
public/images/labels_and_packaging/cut_to_shape_decals/sub_removable_decals/rd-main-image.png
public/images/labels_and_packaging/cut_to_shape_decals/sub_removable_decals/pd-four.png
public/images/labels_and_packaging/cut_to_shape_decals/sub_removable_decals/pd-one.png
public/images/labels_and_packaging/cut_to_shape_decals/cut_to_shape_ecals_permanent/pd-main-image.png
public/images/labels_and_packaging/cut_to_shape_decals/cut_to_shape_ecals_permanent/sub_permanent_decals/pd-three.png
public/images/labels_and_packaging/cut_to_shape_decals/cut_to_shape_ecals_permanent/sub_permanent_decals/pd-two.png
public/images/labels_and_packaging/cut_to_shape_decals/cut_to_shape_ecals_permanent/sub_permanent_decals/pd-one.png
public/images/labels_and_packaging/labels/paper_roll_labels/Paper-Roll-Labels.png
public/images/labels_and_packaging/labels/labels (1).png
public/images/labels_and_packaging/labels/subpaper-roll_labels/Paper-Roll-Labels (1).png
public/images/labels_and_packaging/labels/bopp_roll_labels/bopp-label-new (1).png
public/images/labels_and_packaging/labels/bopp_roll_labels/sub_bopp_labels/bopp-label-new.png
public/images/labels_and_packaging/labels/poly_roll_labels/poly-label-new.png
public/images/labels_and_packaging/labels/poly_roll_labels/sub_polly_labels/poly-label-new (1).png
public/images/labels_and_packaging/producty_boxes/auto_lock_boxes/auto-lock-cat.jpg
public/images/labels_and_packaging/producty_boxes/auto_lock_boxes/sb_auto_lock_boxes/ste-box-option-four.jpg
public/images/labels_and_packaging/producty_boxes/auto_lock_boxes/sb_auto_lock_boxes/ste-two.jpg
public/images/labels_and_packaging/producty_boxes/auto_lock_boxes/sb_auto_lock_boxes/ste-box-option-two.jpg
public/images/labels_and_packaging/producty_boxes/auto_lock_boxes/sb_auto_lock_boxes/ste-four.jpg
public/images/labels_and_packaging/producty_boxes/auto_lock_boxes/sb_auto_lock_boxes/auto-lock-one.jpg
public/images/labels_and_packaging/producty_boxes/auto_lock_boxes/sb_auto_lock_boxes/ste-box-option-three.jpg
public/images/labels_and_packaging/producty_boxes/auto_lock_boxes/sb_auto_lock_boxes/ste-box-option-one.jpg
public/images/labels_and_packaging/producty_boxes/ste_boxes/sub_ste_boxes/ste-box-option-four.jpg
public/images/labels_and_packaging/producty_boxes/ste_boxes/sub_ste_boxes/ste-two.jpg
public/images/labels_and_packaging/producty_boxes/ste_boxes/sub_ste_boxes/rte-box-one-01.jpg
public/images/labels_and_packaging/producty_boxes/ste_boxes/sub_ste_boxes/ste-box-option-two.jpg
public/images/labels_and_packaging/producty_boxes/ste_boxes/sub_ste_boxes/ste-four.jpg
public/images/labels_and_packaging/producty_boxes/ste_boxes/sub_ste_boxes/ste-box-option-three.jpg
public/images/labels_and_packaging/producty_boxes/ste_boxes/sub_ste_boxes/ste-box-option-one.jpg
public/images/labels_and_packaging/producty_boxes/ste_boxes/ste-box-cat.jpg
public/images/labels_and_packaging/producty_boxes/product_box_sleeves/box-sleeves-cat.jpg
public/images/labels_and_packaging/producty_boxes/product_box_sleeves/sub_product_box_sleeve/box-sleeves-three.jpg
public/images/labels_and_packaging/producty_boxes/product_box_sleeves/sub_product_box_sleeve/box-sleeves-one.jpg
public/images/labels_and_packaging/producty_boxes/product_box_sleeves/sub_product_box_sleeve/box-sleeves-two.png
public/images/labels_and_packaging/producty_boxes/rte_boxes/sub_rte_boxes/ste-box-option-four.jpg
public/images/labels_and_packaging/producty_boxes/rte_boxes/sub_rte_boxes/ste-two.jpg
public/images/labels_and_packaging/producty_boxes/rte_boxes/sub_rte_boxes/ste-box-option-two.jpg
public/images/labels_and_packaging/producty_boxes/rte_boxes/sub_rte_boxes/ste-four.jpg
public/images/labels_and_packaging/producty_boxes/rte_boxes/sub_rte_boxes/rte-box-one.jpg
public/images/labels_and_packaging/producty_boxes/rte_boxes/sub_rte_boxes/ste-box-option-three.jpg
public/images/labels_and_packaging/producty_boxes/rte_boxes/sub_rte_boxes/ste-box-option-one.jpg
public/images/labels_and_packaging/producty_boxes/rte_boxes/rte-box-cat.jpg
public/images/labels_and_packaging/producty_boxes/ste-box-main.jpg
public/images/promotional/mason_jars/masonjar_cat.png
public/images/promotional/mason_jars/sub_mason_jars/12oz_frosted/frosted-mason-jar2.png
public/images/promotional/mason_jars/sub_mason_jars/12oz_frosted/frosted-mason-jar1.png
public/images/promotional/mason_jars/sub_mason_jars/12oz_frosted/mason-jar-frosted1.png
public/images/promotional/mugs/sub_mugs/frosted_beer_mug_cat.png
public/images/promotional/mugs/sub_mugs/15oz-white-left_3_1.png
public/images/promotional/mugs/sub_mugs/16oz_frosted/frosted-beer-mug-2.png
public/images/promotional/mugs/sub_mugs/16oz_frosted/frosted-beer-mug-1.png
public/images/promotional/mugs/sub_mugs/16oz_frosted/beer-stien-forsted_1.png
public/images/promotional/mugs/sub_mugs/11oz.png
public/images/promotional/mugs/sub_mugs/Print 15oz Mugs _ Custom Mug Printing _ Ceramic _ SinaLite_files/hat_category.jpg
public/images/promotional/mugs/sub_mugs/Print 15oz Mugs _ Custom Mug Printing _ Ceramic _ SinaLite_files/15oz-mug.png
public/images/promotional/mugs/sub_mugs/Print 15oz Mugs _ Custom Mug Printing _ Ceramic _ SinaLite_files/pd-main-image.png
public/images/promotional/mugs/sub_mugs/Print 15oz Mugs _ Custom Mug Printing _ Ceramic _ SinaLite_files/Wall_Calendar_Thumbnail.png
public/images/promotional/mugs/sub_mugs/Print 15oz Mugs _ Custom Mug Printing _ Ceramic _ SinaLite_files/icon-notepads.jpg
public/images/promotional/mugs/sub_mugs/Print 15oz Mugs _ Custom Mug Printing _ Ceramic _ SinaLite_files/adhesive-vinyl-a-_1_.png
public/images/promotional/mugs/sub_mugs/Print 15oz Mugs _ Custom Mug Printing _ Ceramic _ SinaLite_files/sn-footer-twitter.png
public/images/promotional/mugs/sub_mugs/Print 15oz Mugs _ Custom Mug Printing _ Ceramic _ SinaLite_files/category-kids.jpg
public/images/promotional/mugs/sub_mugs/Print 15oz Mugs _ Custom Mug Printing _ Ceramic _ SinaLite_files/loader-1.gif
public/images/promotional/mugs/sub_mugs/Print 15oz Mugs _ Custom Mug Printing _ Ceramic _ SinaLite_files/bottle_category.png
public/images/promotional/mugs/sub_mugs/Print 15oz Mugs _ Custom Mug Printing _ Ceramic _ SinaLite_files/left-align.png
public/images/promotional/mugs/sub_mugs/Print 15oz Mugs _ Custom Mug Printing _ Ceramic _ SinaLite_files/15oz-white-left_3_1.png
public/images/promotional/mugs/sub_mugs/Print 15oz Mugs _ Custom Mug Printing _ Ceramic _ SinaLite_files/logo-white.png
public/images/promotional/mugs/sub_mugs/Print 15oz Mugs _ Custom Mug Printing _ Ceramic _ SinaLite_files/publish_progress.gif
public/images/promotional/mugs/sub_mugs/Print 15oz Mugs _ Custom Mug Printing _ Ceramic _ SinaLite_files/icon-sintra.jpg
public/images/promotional/mugs/sub_mugs/Print 15oz Mugs _ Custom Mug Printing _ Ceramic _ SinaLite_files/middle.png
public/images/promotional/mugs/sub_mugs/Print 15oz Mugs _ Custom Mug Printing _ Ceramic _ SinaLite_files/kaychain_category.png
public/images/promotional/mugs/sub_mugs/Print 15oz Mugs _ Custom Mug Printing _ Ceramic _ SinaLite_files/15oz-white-left_3_1(1).png
public/images/promotional/mugs/sub_mugs/Print 15oz Mugs _ Custom Mug Printing _ Ceramic _ SinaLite_files/payment-icons-footer-us.png
public/images/promotional/mugs/sub_mugs/Print 15oz Mugs _ Custom Mug Printing _ Ceramic _ SinaLite_files/bag-image-44984_fm.jpg
public/images/promotional/mugs/sub_mugs/Print 15oz Mugs _ Custom Mug Printing _ Ceramic _ SinaLite_files/icon-aframe.jpg
public/images/promotional/mugs/sub_mugs/Print 15oz Mugs _ Custom Mug Printing _ Ceramic _ SinaLite_files/15oz-white-center_2_1(1).png
public/images/promotional/mugs/sub_mugs/Print 15oz Mugs _ Custom Mug Printing _ Ceramic _ SinaLite_files/icon-4mmfoamboard.jpg
public/images/promotional/mugs/sub_mugs/Print 15oz Mugs _ Custom Mug Printing _ Ceramic _ SinaLite_files/sn-footer-linkedin.png
public/images/promotional/mugs/sub_mugs/Print 15oz Mugs _ Custom Mug Printing _ Ceramic _ SinaLite_files/floor-graphic-thumb.png
public/images/promotional/mugs/sub_mugs/Print 15oz Mugs _ Custom Mug Printing _ Ceramic _ SinaLite_files/15oz-yellow-left.png
public/images/promotional/mugs/sub_mugs/Print 15oz Mugs _ Custom Mug Printing _ Ceramic _ SinaLite_files/icon-variable.jpg
public/images/promotional/mugs/sub_mugs/Print 15oz Mugs _ Custom Mug Printing _ Ceramic _ SinaLite_files/signage-thumb.png
public/images/promotional/mugs/sub_mugs/Print 15oz Mugs _ Custom Mug Printing _ Ceramic _ SinaLite_files/15oz-white-left_4_1(1).png
public/images/promotional/mugs/sub_mugs/Print 15oz Mugs _ Custom Mug Printing _ Ceramic _ SinaLite_files/icon-digitalsheet.jpg
public/images/promotional/mugs/sub_mugs/Print 15oz Mugs _ Custom Mug Printing _ Ceramic _ SinaLite_files/icon-car_magnet.jpg
public/images/promotional/mugs/sub_mugs/Print 15oz Mugs _ Custom Mug Printing _ Ceramic _ SinaLite_files/icon-pullup.jpg
public/images/promotional/mugs/sub_mugs/Print 15oz Mugs _ Custom Mug Printing _ Ceramic _ SinaLite_files/name_number.png
public/images/promotional/mugs/sub_mugs/Print 15oz Mugs _ Custom Mug Printing _ Ceramic _ SinaLite_files/masonjar_cat.png
public/images/promotional/mugs/sub_mugs/Print 15oz Mugs _ Custom Mug Printing _ Ceramic _ SinaLite_files/user.png
public/images/promotional/mugs/sub_mugs/Print 15oz Mugs _ Custom Mug Printing _ Ceramic _ SinaLite_files/icon-plastic.jpg
public/images/promotional/mugs/sub_mugs/Print 15oz Mugs _ Custom Mug Printing _ Ceramic _ SinaLite_files/Numbered_Tickets_Thumbnail.png
public/images/promotional/mugs/sub_mugs/Print 15oz Mugs _ Custom Mug Printing _ Ceramic _ SinaLite_files/icon-booklet.jpg
public/images/promotional/mugs/sub_mugs/Print 15oz Mugs _ Custom Mug Printing _ Ceramic _ SinaLite_files/15oz-black-left.png
public/images/promotional/mugs/sub_mugs/Print 15oz Mugs _ Custom Mug Printing _ Ceramic _ SinaLite_files/thumb.jpg
public/images/promotional/mugs/sub_mugs/Print 15oz Mugs _ Custom Mug Printing _ Ceramic _ SinaLite_files/thumb(4).jpg
public/images/promotional/mugs/sub_mugs/Print 15oz Mugs _ Custom Mug Printing _ Ceramic _ SinaLite_files/mousepad_cat.png
public/images/promotional/mugs/sub_mugs/Print 15oz Mugs _ Custom Mug Printing _ Ceramic _ SinaLite_files/icon-pc.jpg
public/images/promotional/mugs/sub_mugs/Print 15oz Mugs _ Custom Mug Printing _ Ceramic _ SinaLite_files/Magnets_Thumbnail.png
public/images/promotional/mugs/sub_mugs/Print 15oz Mugs _ Custom Mug Printing _ Ceramic _ SinaLite_files/15oz-white-left_4_1.png
public/images/promotional/mugs/sub_mugs/Print 15oz Mugs _ Custom Mug Printing _ Ceramic _ SinaLite_files/icon-foldedbc.jpg
public/images/promotional/mugs/sub_mugs/Print 15oz Mugs _ Custom Mug Printing _ Ceramic _ SinaLite_files/thumb(1).jpg
public/images/promotional/mugs/sub_mugs/Print 15oz Mugs _ Custom Mug Printing _ Ceramic _ SinaLite_files/sn-facebook-icn.png
public/images/promotional/mugs/sub_mugs/Print 15oz Mugs _ Custom Mug Printing _ Ceramic _ SinaLite_files/icon-bc_1.jpg
public/images/promotional/mugs/sub_mugs/Print 15oz Mugs _ Custom Mug Printing _ Ceramic _ SinaLite_files/tumbler_cat.png
public/images/promotional/mugs/sub_mugs/Print 15oz Mugs _ Custom Mug Printing _ Ceramic _ SinaLite_files/font_bold.png
public/images/promotional/mugs/sub_mugs/Print 15oz Mugs _ Custom Mug Printing _ Ceramic _ SinaLite_files/dots.png
public/images/promotional/mugs/sub_mugs/Print 15oz Mugs _ Custom Mug Printing _ Ceramic _ SinaLite_files/right-align.png
public/images/promotional/mugs/sub_mugs/Print 15oz Mugs _ Custom Mug Printing _ Ceramic _ SinaLite_files/15oz-red-left.png
public/images/promotional/mugs/sub_mugs/Print 15oz Mugs _ Custom Mug Printing _ Ceramic _ SinaLite_files/15oz-white-center_2_1.png
public/images/promotional/mugs/sub_mugs/Print 15oz Mugs _ Custom Mug Printing _ Ceramic _ SinaLite_files/thumb.png
public/images/promotional/mugs/sub_mugs/Print 15oz Mugs _ Custom Mug Printing _ Ceramic _ SinaLite_files/icon-hstand.jpg
public/images/promotional/mugs/sub_mugs/Print 15oz Mugs _ Custom Mug Printing _ Ceramic _ SinaLite_files/icon-large-poster.jpg
public/images/promotional/mugs/sub_mugs/Print 15oz Mugs _ Custom Mug Printing _ Ceramic _ SinaLite_files/mailer-box.png
public/images/promotional/mugs/sub_mugs/Print 15oz Mugs _ Custom Mug Printing _ Ceramic _ SinaLite_files/loading-clipart.gif
public/images/promotional/mugs/sub_mugs/Print 15oz Mugs _ Custom Mug Printing _ Ceramic _ SinaLite_files/icon-display.jpg
public/images/promotional/mugs/sub_mugs/Print 15oz Mugs _ Custom Mug Printing _ Ceramic _ SinaLite_files/Flyer_Thumbnail.png
public/images/promotional/mugs/sub_mugs/Print 15oz Mugs _ Custom Mug Printing _ Ceramic _ SinaLite_files/sn-social-instagram.png
public/images/promotional/mugs/sub_mugs/Print 15oz Mugs _ Custom Mug Printing _ Ceramic _ SinaLite_files/icon-greetingcard.jpg
public/images/promotional/mugs/sub_mugs/Print 15oz Mugs _ Custom Mug Printing _ Ceramic _ SinaLite_files/bottom.png
public/images/promotional/mugs/sub_mugs/Print 15oz Mugs _ Custom Mug Printing _ Ceramic _ SinaLite_files/font_italic.png
public/images/promotional/mugs/sub_mugs/Print 15oz Mugs _ Custom Mug Printing _ Ceramic _ SinaLite_files/puzzle-thumb.jpg
public/images/promotional/mugs/sub_mugs/Print 15oz Mugs _ Custom Mug Printing _ Ceramic _ SinaLite_files/left_sleeve_ash.jpg
public/images/promotional/mugs/sub_mugs/Print 15oz Mugs _ Custom Mug Printing _ Ceramic _ SinaLite_files/ste-box-main.jpg
public/images/promotional/mugs/sub_mugs/Print 15oz Mugs _ Custom Mug Printing _ Ceramic _ SinaLite_files/photopanel_cat.png
public/images/promotional/mugs/sub_mugs/Print 15oz Mugs _ Custom Mug Printing _ Ceramic _ SinaLite_files/icon-tent.jpg
public/images/promotional/mugs/sub_mugs/Print 15oz Mugs _ Custom Mug Printing _ Ceramic _ SinaLite_files/icon-canvas.jpg
public/images/promotional/mugs/sub_mugs/Print 15oz Mugs _ Custom Mug Printing _ Ceramic _ SinaLite_files/center-align.png
public/images/promotional/mugs/sub_mugs/Print 15oz Mugs _ Custom Mug Printing _ Ceramic _ SinaLite_files/thumb(6).jpg
public/images/promotional/mugs/sub_mugs/Print 15oz Mugs _ Custom Mug Printing _ Ceramic _ SinaLite_files/flip_horizontal.png
public/images/promotional/mugs/sub_mugs/Print 15oz Mugs _ Custom Mug Printing _ Ceramic _ SinaLite_files/table-cover-thumb.png
public/images/promotional/mugs/sub_mugs/Print 15oz Mugs _ Custom Mug Printing _ Ceramic _ SinaLite_files/icon-letterhead.jpg
public/images/promotional/mugs/sub_mugs/Print 15oz Mugs _ Custom Mug Printing _ Ceramic _ SinaLite_files/mug-image.png
public/images/promotional/mugs/sub_mugs/Print 15oz Mugs _ Custom Mug Printing _ Ceramic _ SinaLite_files/thumb(5).png
public/images/promotional/mugs/sub_mugs/Print 15oz Mugs _ Custom Mug Printing _ Ceramic _ SinaLite_files/icon-xframe.jpg
public/images/promotional/mugs/sub_mugs/Print 15oz Mugs _ Custom Mug Printing _ Ceramic _ SinaLite_files/labels.png
public/images/promotional/mugs/sub_mugs/Print 15oz Mugs _ Custom Mug Printing _ Ceramic _ SinaLite_files/thumb(3).jpg
public/images/promotional/mugs/sub_mugs/Print 15oz Mugs _ Custom Mug Printing _ Ceramic _ SinaLite_files/live-chat-sl-two.png
public/images/promotional/mugs/sub_mugs/Print 15oz Mugs _ Custom Mug Printing _ Ceramic _ SinaLite_files/thumb(2).jpg
public/images/promotional/mugs/sub_mugs/Print 15oz Mugs _ Custom Mug Printing _ Ceramic _ SinaLite_files/envelope-icon.jpg
public/images/promotional/mugs/sub_mugs/Print 15oz Mugs _ Custom Mug Printing _ Ceramic _ SinaLite_files/Removable-Wall-Decal-category.png
public/images/promotional/mugs/sub_mugs/Print 15oz Mugs _ Custom Mug Printing _ Ceramic _ SinaLite_files/icon-4mmcoroplast-US.jpg
public/images/promotional/mugs/sub_mugs/Print 15oz Mugs _ Custom Mug Printing _ Ceramic _ SinaLite_files/image.jpg
public/images/promotional/mugs/sub_mugs/Print 15oz Mugs _ Custom Mug Printing _ Ceramic _ SinaLite_files/16x20-canvas.png
public/images/promotional/mugs/sub_mugs/Print 15oz Mugs _ Custom Mug Printing _ Ceramic _ SinaLite_files/window-graphic-vinyl-perf-2_1.jpg
public/images/promotional/mugs/sub_mugs/Print 15oz Mugs _ Custom Mug Printing _ Ceramic _ SinaLite_files/icon-cling.jpg
public/images/promotional/mugs/sub_mugs/Print 15oz Mugs _ Custom Mug Printing _ Ceramic _ SinaLite_files/icon-doorhanger-1.jpg
public/images/promotional/mugs/sub_mugs/Print 15oz Mugs _ Custom Mug Printing _ Ceramic _ SinaLite_files/icon-tear.jpg
public/images/promotional/mugs/sub_mugs/Print 15oz Mugs _ Custom Mug Printing _ Ceramic _ SinaLite_files/Bookmarks_Thumbnail.png
public/images/promotional/mugs/sub_mugs/Print 15oz Mugs _ Custom Mug Printing _ Ceramic _ SinaLite_files/coaster-10pack.jpg
public/images/promotional/mugs/sub_mugs/Print 15oz Mugs _ Custom Mug Printing _ Ceramic _ SinaLite_files/icon-poster.jpg
public/images/promotional/mugs/sub_mugs/Print 15oz Mugs _ Custom Mug Printing _ Ceramic _ SinaLite_files/top.png
public/images/promotional/mugs/sub_mugs/Print 15oz Mugs _ Custom Mug Printing _ Ceramic _ SinaLite_files/metallic-foil-invitation-two.png
public/images/promotional/mugs/sub_mugs/Print 15oz Mugs _ Custom Mug Printing _ Ceramic _ SinaLite_files/category-men.jpg
public/images/promotional/mugs/sub_mugs/Print 15oz Mugs _ Custom Mug Printing _ Ceramic _ SinaLite_files/icon-glossyvinyl.jpg
public/images/promotional/mugs/sub_mugs/Print 15oz Mugs _ Custom Mug Printing _ Ceramic _ SinaLite_files/branded-mugs.png
public/images/promotional/mugs/sub_mugs/Print 15oz Mugs _ Custom Mug Printing _ Ceramic _ SinaLite_files/15oz-white-left.png
public/images/promotional/mugs/sub_mugs/Print 15oz Mugs _ Custom Mug Printing _ Ceramic _ SinaLite_files/icon-folder.jpg
public/images/promotional/mugs/sub_mugs/Print 15oz Mugs _ Custom Mug Printing _ Ceramic _ SinaLite_files/icon-supplyboxes.jpg
public/images/promotional/mugs/sub_mugs/Print 15oz Mugs _ Custom Mug Printing _ Ceramic _ SinaLite_files/15oz-artwork.jpg
public/images/promotional/mugs/sub_mugs/Print 15oz Mugs _ Custom Mug Printing _ Ceramic _ SinaLite_files/icon-styrene.jpg
public/images/promotional/mugs/sub_mugs/Print 15oz Mugs _ Custom Mug Printing _ Ceramic _ SinaLite_files/icon-aframe_office.jpg
public/images/promotional/mugs/sub_mugs/Print 15oz Mugs _ Custom Mug Printing _ Ceramic _ SinaLite_files/progress_bar.gif
public/images/promotional/mugs/sub_mugs/Print 15oz Mugs _ Custom Mug Printing _ Ceramic _ SinaLite_files/icon-ncrForm.jpg
public/images/promotional/mugs/sub_mugs/Print 15oz Mugs _ Custom Mug Printing _ Ceramic _ SinaLite_files/icon-brochure.jpg
public/images/promotional/mugs/sub_mugs/Print 15oz Mugs _ Custom Mug Printing _ Ceramic _ SinaLite_files/sublimation-printing.png
public/images/promotional/mugs/sub_mugs/Print 15oz Mugs _ Custom Mug Printing _ Ceramic _ SinaLite_files/category-women.jpg
public/images/promotional/mugs/sub_mugs/Print 15oz Mugs _ Custom Mug Printing _ Ceramic _ SinaLite_files/flip_vertical.png
public/images/promotional/mugs/sub_mugs/11_oz_ceramic/mug-left-white.png
public/images/promotional/mugs/sub_mugs/11_oz_ceramic/mug_options.png
public/images/promotional/mugs/sub_mugs/11_oz_ceramic/branded-mugs.png
public/images/promotional/mugs/sub_mugs/11_oz_ceramic/sublimation-printing.png
public/images/promotional/mugs/sub_mugs/15oz_ceramic/branded-mugs.png
public/images/promotional/mugs/sub_mugs/15oz_ceramic/sublimation-printing.png
public/images/promotional/mugs/sub_mugs/18oz_clear/beer-stien-clear_2.png
public/images/promotional/mugs/sub_mugs/18oz_clear/clear-beer-mug2.png
public/images/promotional/mugs/sub_mugs/18oz_clear/clear-beer-mug1.png
public/images/promotional/mugs/sub_mugs/15oz.png
public/images/promotional/mugs/sub_mugs/10oz.png
public/images/promotional/mugs/sub_mugs/clear_beer_mug_cat.png
public/images/promotional/mugs/sub_mugs/10oz_stainless/stainless-steelmug2.png
public/images/promotional/mugs/sub_mugs/10oz_stainless/stainless-steelmug3.png
public/images/promotional/mugs/sub_mugs/10oz_stainless/left.png
public/images/promotional/mugs/sub_mugs/10oz_stainless/stainless-steelmug1.png
public/images/promotional/mugs/mug-image (1).png
public/images/promotional/keychains/sub_keychains/keychain_product.png
public/images/promotional/keychains/sub_keychains/kaychain_category.png
public/images/promotional/keychains/sub_keychains/keychain2.png
public/images/promotional/keychains/sub_keychains/kaychain3.png
public/images/promotional/keychains/keychain1.png
public/images/promotional/tumblers/sub_tumblers/tumbler2.png
public/images/promotional/tumblers/sub_tumblers/tumbler1 (1).png
public/images/promotional/tumblers/sub_tumblers/tumbler1.png
public/images/promotional/tumblers/tumbler_cat.png
public/images/promotional/mouse_pads/sub_mouse_pads/mousepad_cat.png
public/images/promotional/mouse_pads/sub_mouse_pads/mouse-pad1.png
public/images/promotional/mouse_pads/sub_mouse_pads/mouse_pad_new.png
public/images/promotional/mouse_pads/sub_mouse_pads/12oz_clear/clear_masonjar_cat.png
public/images/promotional/mouse_pads/sub_mouse_pads/12oz_clear/clear-mason-jar2.png
public/images/promotional/mouse_pads/sub_mouse_pads/12oz_clear/clear-mason-jar1.png
public/images/promotional/mouse_pads/sub_mouse_pads/mouse-pad3.png
public/images/promotional/mouse_pads/mouse-pad2.png
public/images/promotional/labels.png
public/images/promotional/puzzles/sub_puzzles/puzzle_box.png
public/images/promotional/puzzles/sub_puzzles/7_difficulty_level.png
public/images/promotional/puzzles/sub_puzzles/high_quality_puzzle.png
public/images/promotional/puzzles/sub_puzzles/custom_photo_puzzles.png
public/images/promotional/puzzles/sub_puzzles/puzzle-7.5-x-9.5.110pc-png.png
public/images/promotional/puzzles/puzzle-thumb.jpg
public/images/promotional/coasters/coaster3.png
public/images/promotional/coasters/sub_coasters/coaster_product_1.png
public/images/promotional/coasters/sub_coasters/coaster2.png
public/images/promotional/coasters/sub_coasters/coaster-10pack.jpg
public/images/promotional/coasters/sub_coasters/coaster1.png
public/images/promotional/bottles/bottle_category.png
public/images/promotional/bottles/sub_bottles/bottle3.png
public/images/promotional/bottles/sub_bottles/bottle2.png
public/images/promotional/bottles/sub_bottles/left_1.png
public/images/promotional/bottles/sub_bottles/bottle1.png
public/images/promotional/canvas/8x8-canvas.png
public/images/promotional/canvas/sub_canvas/long_lasting_beauty.png
public/images/promotional/canvas/sub_canvas/premium_wooden_frames.png
public/images/promotional/canvas/sub_canvas/16x20-canvas.png
public/images/promotional/photo_panels/photopanel_cat.png
public/images/promotional/photo_panels/sub_photo_panels/photo-panel3.png
public/images/promotional/photo_panels/sub_photo_panels/photo-panel2.png
public/images/promotional/photo_panels/sub_photo_panels/photo-panel1.png
public/images/promotional/photo_panels/sub_photo_panels/8x10-hd-photo-panel.png
public/images/print_products/tickets/numbered_tickets/Numbered_Tickets_Thumbnail.png
public/images/print_products/tickets/tickets.jpg
public/images/print_products/greetings_cards/writable_gc/greetingcard-enviro.jpg
public/images/print_products/greetings_cards/matte_gc/greetingcard-matte.jpg
public/images/print_products/greetings_cards/aq_gc/greetingcard-AQ.jpg
public/images/print_products/greetings_cards/orientation-03 (1).jpg
public/images/print_products/greetings_cards/invitation-card-diagram.png
public/images/print_products/greetings_cards/orientation-03.jpg
public/images/print_products/greetings_cards/speciality_gc/greetingcard_metalic.png
public/images/print_products/greetings_cards/hg_gc/greetingcard-UV.jpg
public/images/print_products/greetings_cards/icon-greetingcard.jpg
public/images/print_products/greetings_cards/orientation-02.jpg
public/images/print_products/greetings_cards/greeting_envelope.jpg
public/images/print_products/greetings_cards/orientation-02 (1).jpg
public/images/print_products/magnets/car_magnets/Car_Magnets.jpg
public/images/print_products/magnets/car_magnets/icon-car_magnet.jpg
public/images/print_products/magnets/magnets_14pt/Magnets_Thumbnail.png
public/images/print_products/magnets/magnets_14pt/cut_to_shape_magnets/die-cut-magnet-one.png
public/images/print_products/magnets/magnets_14pt/cut_to_shape_magnets/die-cut-magnet-three.png
public/images/print_products/magnets/magnets_14pt/cut_to_shape_magnets/die-cut-magnet-two.png
public/images/print_products/magnets/magnets_14pt/cut_to_shape_magnets/die-cut-magnet-main.png
public/images/print_products/magnets/magnets_14pt/magnet-2.jpg
public/images/print_products/variable_printing/icon-variable.jpg
public/images/print_products/variable_printing/variable_printing_1/icon-variable (1).jpg
public/images/print_products/invitations_announcements/14pt_aq_ia/14pt-uv-high-gloss-three.png
public/images/print_products/invitations_announcements/14pt_aq_ia/14pt-aq-one.png
public/images/print_products/invitations_announcements/14pt_aq_ia/14pt-aq-main.png
public/images/print_products/invitations_announcements/14pt_aq_ia/14pt-aq-two.png
public/images/print_products/invitations_announcements/14pt_aq_ia/metallic-foil-invitation-two.png
public/images/print_products/invitations_announcements/14_pt_aq_writable_ia/14pt-writable-main.png
public/images/print_products/invitations_announcements/14_pt_aq_writable_ia/14pt Writable-image-three.png
public/images/print_products/invitations_announcements/14_pt_aq_writable_ia/14pt-writable-two.png
public/images/print_products/invitations_announcements/14_pt_aq_writable_ia/14pt-writable-three.png
public/images/print_products/invitations_announcements/14pt_uv_ia/14pt-uv-high-gloss-three.png
public/images/print_products/invitations_announcements/14pt_uv_ia/14pt-uv-high-gloss-one.png
public/images/print_products/invitations_announcements/14pt_uv_ia/14pt-uv-high-gloss-main.png
public/images/print_products/invitations_announcements/14pt_uv_ia/14pt-uv-high-gloss-two.png
public/images/print_products/invitations_announcements/kraft_paper_ia/invitation-krafft-two.png
public/images/print_products/invitations_announcements/kraft_paper_ia/invitation-krafft-one.png
public/images/print_products/invitations_announcements/kraft_paper_ia/invitation-krafft-main.png
public/images/print_products/invitations_announcements/14pt_matte_ia/14pt-invitation-two.png
public/images/print_products/invitations_announcements/14pt_matte_ia/14pt-invitation-one.png
public/images/print_products/invitations_announcements/14pt_matte_ia/14pt-invitation-main.png
public/images/print_products/invitations_announcements/14pt_matte_ia/14pt-invitation-three.png
public/images/print_products/bookmarks/bookmark_matte/SinaBookmark-matte.jpg
public/images/print_products/bookmarks/bookmark_specialty/SinaBookmark-specialty.jpg
public/images/print_products/bookmarks/bookmark_hg/SinaBookmark-highgloss.jpg
public/images/print_products/bookmarks/boomark_lam/SinaBookmark-lamination.jpg
public/images/print_products/postcards/aq_pc/aq-postcards.png
public/images/print_products/postcards/matte_pc/matte-postcards.png
public/images/print_products/postcards/icon-pc.jpg
public/images/print_products/postcards/uv_hg_pc/gloss-uv-postcards.png
public/images/print_products/postcards/lam_pc/gloss-lam-postcards.png
public/images/print_products/postcards/writable_pc/enviro-pc-cards.png
public/images/print_products/brouchers/brochure_uv/brochure_folding-2 (copy).jpg
public/images/print_products/brouchers/brochure_uv/brochure-uv.jpg
public/images/print_products/brouchers/brochure_enviro/brochure-enviro.jpg
public/images/print_products/brouchers/brochure_enviro/brochure_folding-2.jpg
public/images/print_products/brouchers/brouchure_matte/brochure-matte.jpg
public/images/print_products/brouchers/brouchure_matte/brochure_folding-2 (another copy).jpg
public/images/print_products/brouchers/brochure_gloss/brochure-glosstext.jpg
public/images/print_products/brouchers/brochure_gloss/brochure_folding-2 (1).jpg
public/images/print_products/presntation_folders/matte_folder/matte-presentation-folder.png
public/images/print_products/presntation_folders/folder_standard/glossy-presentation-folder.png
public/images/print_products/presntation_folders/folder_matte_lam/custom-presentation-folders.png
public/images/print_products/presntation_folders/invitation-card-diagram.png
public/images/print_products/presntation_folders/folder_aq/business-presentation-folders.png
public/images/print_products/presntation_folders/folder_speciality/metalic-foil-pf.png
public/images/print_products/presntation_folders/pocket_type.jpg
public/images/print_products/presntation_folders/icon-folder.jpg
public/images/print_products/posters/uv_posters/poster-uv.jpg
public/images/print_products/posters/speciality_posters/poster-enviro.jpg
public/images/print_products/posters/gloss_posters/poster-glossytext.jpg
public/images/print_products/posters/matte_posters/poster-matte.jpg
public/images/print_products/posters/icon-poster.jpg
public/images/print_products/posters/large_formate_posters/large_format_poster.jpg
public/images/print_products/posters/large_formate_posters/large-format-poster-printing.jpg
public/images/print_products/tent_cards/tent_card_sub/tentCard.jpg
public/images/print_products/tent_cards/tent_card_sub/tent-card-instruction.jpg
public/images/print_products/tent_cards/icon-tent.jpg
public/images/print_products/calanders/Wall_Calendar_Thumbnail.png
public/images/print_products/calanders/calendar.jpg
public/images/print_products/clings/icon-cling.jpg
public/images/print_products/plastics/icon-plastic.jpg
public/images/print_products/folded_bc/speciality_fbc/folded_business_card_enviro.jpg
public/images/print_products/folded_bc/matte_fbc/folded_business_card_matte.jpg
public/images/print_products/folded_bc/icon-foldedbc.jpg
public/images/print_products/folded_bc/uv_fbc/folded_business_card-UVgloss.jpg
public/images/print_products/digital_sheets/speciality_digital_sheet/digital-sheet-enviro.jpg
public/images/print_products/digital_sheets/icon-digitalsheet.jpg
public/images/print_products/digital_sheets/matte_digital_sheets/digital-sheet-matte.jpg
public/images/print_products/flyers/flyer-glosstext.jpg
public/images/print_products/flyers/flyer-uv.jpg
public/images/print_products/flyers/flyer-matte.jpg
public/images/print_products/flyers/flyer_linen.jpg
public/images/print_products/flyers/flyer_enviro.jpg
public/images/print_products/icon-4mmcoroplast-US.jpg
public/images/print_products/tear_crds/speciality_tc/tearCard-enviro.jpg
public/images/print_products/tear_crds/matte_tc/tearCard-matte.jpg
public/images/print_products/tear_crds/14pt_uv_tc/tearCard-UV.jpg
public/images/print_products/tear_crds/icon-tear.jpg
public/images/print_products/door_hangers/uv_dh/glossy-door-hangers.jpg
public/images/print_products/door_hangers/matte_dh/matte-door-hanger.jpg
public/images/print_products/door_hangers/speciality_dh/recycled-door-hangers.jpg
public/images/print_products/door_hangers/icon-doorhanger-1.jpg
public/images/print_products/door_hangers/aq_dh/aq-door-hanger.jpg
public/images/print_products/booklet/binding-edge.jpg
public/images/print_products/booklet/icon-booklet.jpg
public/images/print_products/booklet/booklet_8.5_11/booklet_8.5x11.jpg
public/images/print_products/booklet/booklet_8.5_5.5/booklet_8.5x5.5-portrait.jpg
public/images/large_format/display_board_POP/icon-display.jpg
public/images/large_format/display_board_POP/sub_display_board_POP/display_board.jpg
public/images/large_format/styrene/20pt_styrene/styrenesign.jpg
public/images/large_format/styrene/icon-styrene.jpg
public/images/large_format/banners/mesh_banners/sub_mesh_banner/mesh_banner_cat.png
public/images/large_format/banners/mesh_banners/sub_mesh_banner/mesh-banner-asset3.jpg
public/images/large_format/banners/mesh_banners/sub_mesh_banner/mesh-banner-asset2.jpg
public/images/large_format/banners/mesh_banners/mesh-banner-asset1.jpg
public/images/large_format/banners/glossy_banner/banner-glossy.jpg
public/images/large_format/banners/matte_banner/banner-matte.jpg
public/images/large_format/banners/icon-glossyvinyl.jpg
public/images/large_format/removable_wall_decals/sub_removable_wall_decals/wall-decals.png
public/images/large_format/removable_wall_decals/sub_removable_wall_decals/Removable-Wall-Decal-category.png
public/images/large_format/removable_wall_decals/sub_removable_wall_decals/wall-decal-asset2.jpg
public/images/large_format/removable_wall_decals/sub_removable_wall_decals/wall-decal-asset1.jpg
public/images/large_format/removable_wall_decals/wall-decal-asset3.jpg
public/images/large_format/table_covers/sub_8'_table_cover/table-cover-three (1).png
public/images/large_format/table_covers/sub_8'_table_cover/table-cover-8ft-main.png
public/images/large_format/table_covers/sub_8'_table_cover/window-graphic-vinyl-perf-2_1 (copy).jpg
public/images/large_format/table_covers/sub_8'_table_cover/table-cover-one (1).png
public/images/large_format/table_covers/sub_8'_table_cover/table-cover-two (1).png
public/images/large_format/table_covers/6'_table_cover/table-cover-main.png
public/images/large_format/table_covers/6'_table_cover/table-cover-main (1).png
public/images/large_format/table_covers/6'_table_cover/sub_6'_table_cover/table-cover-two.png
public/images/large_format/table_covers/6'_table_cover/sub_6'_table_cover/table-cover-three.png
public/images/large_format/table_covers/6'_table_cover/sub_6'_table_cover/table-cover-one.png
public/images/large_format/table_covers/8'_table_cover/table-cover-8ft-main (1).png
public/images/large_format/table_covers/8'_table_cover/table-cover-thumb.png
public/images/large_format/floor_graphics/customfloor_graphics/floor-graphics-two.png
public/images/large_format/floor_graphics/customfloor_graphics/floor-graphic-main-new.png
public/images/large_format/floor_graphics/customfloor_graphics/covid-floor-graphics-type-one (4).png
public/images/large_format/floor_graphics/customfloor_graphics/floor-graphics-three.png
public/images/large_format/floor_graphics/customfloor_graphics/floor-graphics-one.png
public/images/large_format/floor_graphics/customfloor_graphics/covid-19-floor-graphic-two-new (copy).png
public/images/large_format/floor_graphics/customfloor_graphics/covid-floor-graphics-type-two (1).png
public/images/large_format/floor_graphics/floor-graphic-thumb.png
public/images/large_format/floor_graphics/directions_floor_graphics/covid-19-floor-graphic-three.png
public/images/large_format/floor_graphics/directions_floor_graphics/covid-19-floor-graphic-one.png
public/images/large_format/floor_graphics/directions_floor_graphics/covid-floor-graphics-type-one.png
public/images/large_format/floor_graphics/directions_floor_graphics/covid-19-floor-graphic-main-one.png
public/images/large_format/floor_graphics/directions_floor_graphics/covid-floor-graphics-type-two.png
public/images/large_format/floor_graphics/directions_floor_graphics/covid-19-floor-graphic-two-new.png
public/images/large_format/Sintra_pvc/sintra-main-image.png
public/images/large_format/Sintra_pvc/sub_sintra_pvc/icon-sintra.jpg
public/images/large_format/Sintra_pvc/sub_sintra_pvc/sintra-image-two.png
public/images/large_format/Sintra_pvc/sub_sintra_pvc/sintra-image-one.png
public/images/large_format/Sintra_pvc/sub_sintra_pvc/sintra-image-three.png
public/images/large_format/a-frame_signs/icon-aframe.jpg
public/images/large_format/a-frame_signs/sub_a-frame_signs/a-frame-one.jpg
public/images/large_format/foam_board/icon-4mmfoamboard.jpg
public/images/large_format/foam_board/Foamboard.jpg
public/images/large_format/car_magnets/Car_Magnets.jpg
public/images/large_format/car_magnets/icon-car_magnet.jpg
public/images/large_format/window_graphics/sub_window_graphics/window-signage.jpg
public/images/large_format/window_graphics/window-graphic-vinyl-perf-2_1.jpg
public/images/large_format/adhesive_vinyl/adhesive-vinyl-a-_1_.png
public/images/large_format/adhesive_vinyl/sub+adhesive_vinyl/adhesive-vinyl-a.jpg
public/images/large_format/x_frame_banners/sub_x_frame_banners/X-Banner.jpg
public/images/large_format/x_frame_banners/icon-xframe.jpg
public/images/large_format/coroplast/coroplast-rev.jpg
public/images/large_format/coroplast/icon-4mmcoroplast-US (1).jpg
public/images/large_format/coroplast/lawn-sign-printing.jpg
public/images/large_format/h_stands/sub_h_stands/icon-hstand.jpg
public/images/large_format/h_stands/icon-hstand (1).jpg
public/images/large_format/pull_up_banners/wide_premium)pu_banner/wide_pull_up_banner_cat.jpg
public/images/large_format/pull_up_banners/wide_premium)pu_banner/sub_wide_premium_banner/premium-asset1.jpg
public/images/large_format/pull_up_banners/wide_premium)pu_banner/sub_wide_premium_banner/banner-carrying-case.png
public/images/large_format/pull_up_banners/wide_premium)pu_banner/sub_wide_premium_banner/premium-wide-asset3.jpg
public/images/large_format/pull_up_banners/wide_premium)pu_banner/sub_wide_premium_banner/premium-asset2.jpg
public/images/large_format/pull_up_banners/double_sided_banner/double_pull_up_banner_cat.jpg
public/images/large_format/pull_up_banners/double_sided_banner/sub_double_sided_banner/premium-asset1.jpg
public/images/large_format/pull_up_banners/double_sided_banner/sub_double_sided_banner/premium-asset3.jpg
public/images/large_format/pull_up_banners/double_sided_banner/sub_double_sided_banner/banner-carrying-case.png
public/images/large_format/pull_up_banners/double_sided_banner/sub_double_sided_banner/icon-pullup.jpg
public/images/large_format/pull_up_banners/double_sided_banner/sub_double_sided_banner/double-sided-asset2.jpg
public/images/large_format/pull_up_banners/premim_pu_baner/sub_premium_pu_banner/premium-asset1.jpg
public/images/large_format/pull_up_banners/premim_pu_baner/sub_premium_pu_banner/premium-asset3.jpg
public/images/large_format/pull_up_banners/premim_pu_baner/sub_premium_pu_banner/premium-asset2.jpg
public/images/large_format/pull_up_banners/premim_pu_baner/sub_premium_pu_banner/banner-carrying-case-01.png
public/images/large_format/pull_up_banners/premim_pu_baner/premium_pull_up_banner_cat.jpg
public/images/large_format/pull_up_banners/table_top_banner/sub_table_top_banner/premium-asset1.jpg
public/images/large_format/pull_up_banners/table_top_banner/sub_table_top_banner/table-top-asset3.jpg
public/images/large_format/pull_up_banners/table_top_banner/sub_table_top_banner/premium-asset2.jpg
public/images/large_format/pull_up_banners/table_top_banner/sub_table_top_banner/table_pull_up_banner_cat.jpg
public/images/large_format/pull_up_banners/standard_pu_banner/standard_pull_up-banner_cat.jpg
public/images/large_format/pull_up_banners/standard_pu_banner/sub_standaqrd_pu_baner/standard-asset2.jpg
public/images/large_format/pull_up_banners/standard_pu_banner/sub_standaqrd_pu_baner/banner-carrying-case.png
public/images/large_format/pull_up_banners/standard_pu_banner/sub_standaqrd_pu_baner/standard-asset3.jpg
public/images/large_format/pull_up_banners/standard_pu_banner/sub_standaqrd_pu_baner/standard-asset1.jpg
public/images/large_format/canvas/Sub_canvas/high_quality_printed_canvas.png
public/images/large_format/canvas/Sub_canvas/8x8-canvas.png
public/images/large_format/canvas/Sub_canvas/long_lasting_beauty.png
public/images/large_format/canvas/Sub_canvas/premium_wooden_frames.png
public/images/large_format/canvas/Sub_canvas/Canvas.jpg
public/images/large_format/canvas/icon-canvas.jpg
public/images/large_format/Aluminum_signs/aluminium-sign-info.png
public/images/large_format/Aluminum_signs/al-sign-three.png
public/images/large_format/Aluminum_signs/signage-thumb.png
public/images/large_format/Aluminum_signs/al-sign-one.png
public/images/large_format/Aluminum_signs/al-sign-two.png
public/images/large_format/a-frame_stands/sub_a-frame_stands/icon-aframe_office (1).jpg
public/images/large_format/a-frame_stands/icon-aframe_office.jpg
public/images/large_format/large_formate_posters/large_format_poster.jpg
public/images/large_format/large_formate_posters/large-format-poster-printing.jpg
public/images/stationary/notepads/icon-notepads.jpg
public/images/stationary/notepads/notepad-icon.jpg
public/images/stationary/notepads/sub_notepads/notepad-icon (1).jpg
public/images/stationary/envelopes/sub_envelopes/envelope-icon (1).jpg
public/images/stationary/envelopes/envelope-icon.jpg
public/images/stationary/mug-image.png
public/images/stationary/supply_boxes/sub_supply_boxes/icon-supplyboxes.jpg
public/images/stationary/supply_boxes/icon-supplyboxes (1).jpg
public/images/stationary/letterhead/sub_letterhead/letterhead-icon.jpg
public/images/stationary/letterhead/icon-letterhead.jpg
public/images/stationary/ncr_forms/sub_ncr_forms/NCR_form.jpg
public/images/stationary/ncr_forms/icon-ncrForm.jpg
public/images/apparel/womens_colthing/women-polo.png
public/images/apparel/womens_colthing/long-sleeve-shirts (1).jpg
public/images/apparel/womens_colthing/t-shirts (1).jpg
public/images/apparel/womens_colthing/tank-tops (1).jpg
public/images/apparel/womens_colthing/sub_womens_clothing/women-polo.png
public/images/apparel/womens_colthing/sub_womens_clothing/long-sleeve-shirts (1).jpg
public/images/apparel/womens_colthing/sub_womens_clothing/t-shirts (1).jpg
public/images/apparel/womens_colthing/sub_womens_clothing/tank-tops (1).jpg
public/images/apparel/womens_colthing/category-women.jpg
public/images/apparel/accessories/sub_accerious/bag-image-44984_fm (copy).jpg
public/images/apparel/accessories/bag-image-44984_fm.jpg
public/images/apparel/mens clothing/sub_mensclothing/sweatshirts.jpg
public/images/apparel/mens clothing/sub_mensclothing/long-sleeve-shirts.jpg
public/images/apparel/mens clothing/sub_mensclothing/t-shirts.jpg
public/images/apparel/mens clothing/sub_mensclothing/tank-tops.jpg
public/images/apparel/mens clothing/sub_mensclothing/men-apparel.jpg
public/images/apparel/mens clothing/sub_mensclothing/hoodies.jpg
public/images/apparel/mens clothing/sub_mensclothing/men-polo.png
public/images/apparel/mens clothing/category-men.jpg
public/images/apparel/headwear/headwear.png
public/images/apparel/headwear/sub_headwear/sub_headwear_beanies/Sportsman---SP12-white.png
public/images/apparel/headwear/sub_headwear/sub_headwear_beanies/sportsman-SP08-white_2.jpg
public/images/apparel/headwear/sub_headwear/sub_headwear_beanies/Sportsman-SP15-redblack.png
public/images/apparel/headwear/sub_headwear/sub_headwear_hats/hat_category.jpg
public/images/apparel/headwear/sub_headwear/sub_headwear_hats/Yupoong-6245CM-black (1).png
public/images/apparel/headwear/sub_headwear/sub_headwear_hats/Yupoong-6006-2-char.png
public/images/apparel/headwear/sub_headwear/sub_headwear_hats/Flexfit-6277-navy.png
public/images/apparel/headwear/sub_headwear/sub_headwear_hats/Yupoong-6606-red.png
public/images/apparel/headwear/sub_headwear/sub_headwear_hats/Yupoong-6089-blue.png
public/images/apparel/headwear/sub_headwear/sub_headwear_hats/Yupoong-6245CM-black.png
public/images/apparel/headwear/sub_headwear/sub_headwear_hats/White6278.png
public/images/apparel/headwear/sub_headwear/beanie.jpg
public/images/apparel/kids_youth_clothing/sub_kids_and_youth_clothing/hoodies (1).jpg
public/images/apparel/kids_youth_clothing/sub_kids_and_youth_clothing/sweatshirts (1).jpg
public/images/apparel/kids_youth_clothing/sub_kids_and_youth_clothing/long-sleeve-shirts (2).jpg
public/images/apparel/kids_youth_clothing/sub_kids_and_youth_clothing/t-shirts (2).jpg
public/images/apparel/kids_youth_clothing/category-kids.jpg
